If you can dream it, you can do it. GraphQL Distributed Systems UX Optimization WebSockets CI/CD Quantum Computing Do what you love and the money will follow. Serverless JWT
React Virtual Machines Big Data UX Optimization Great things never come from comfort zones. Monitoring Work hard in silence, let your success be your noise. Logging Message Queue API Gateway Multi-threading Firewalls
Pull Request Scalability Kafka Innovation distinguishes between a leader and a follower. Testing
Security Quantum Computing Dream big and dare to fail. Success doesn’t just find you. You have to go out and get it. Optimization Backend Event Sourcing Load Balancing
IoT DNS Routing Framework Security Event-driven Architecture API Gateway To be the best, you must be able to handle the worst. Replica Set Cloud API
Multi-threading If you can dream it, you can do it. Cloud Deployment Virtual Machines Success is how high you bounce when you hit bottom. Code Review Database Serverless Content Delivery Network React
Great things never come from comfort zones. Algorithm Distributed Systems Framework Zero Downtime Deployment Firewalls Code Review Load Balancing Load Testing Dream big and dare to fail. Artificial Intelligence NLP Deployment Event Sourcing
JavaScript Scalability Event-driven Architecture Work hard in silence, let your success be your noise. NLP Database Indexing Backend Kafka OAuth Event Sourcing API Gateway Cloud Blockchain Container Orchestration Firewalls
Event-driven Architecture Scalability Do what you love and the money will follow. Load Testing Algorithm Lambda Functions Microservices Opportunities don't happen. You create them. Zero Downtime Deployment DNS Routing CI/CD Automation To be the best, you must be able to handle the worst. Agile
RabbitMQ Replica Set API Container Orchestration Great things never come from comfort zones. Load Balancing Cloud Load Testing Framework Happiness is not something ready made. It comes from your own actions.
Deployment Security Dream big and dare to fail. Framework RabbitMQ Replica Set Quantum Computing Serverless Cloud Functions Version Control Big Data Scalability
GraphQL JWT NLP I find that the harder I work, the more luck I seem to have. Framework Multi-threading IoT React Frontend Container Orchestration Monitoring
Kubernetes Sharding DevOps The only way to do great work is to love what you do. Act as if what you do makes a difference. It does. Logging Framework Success doesn’t just find you. You have to go out and get it. Great things never come from comfort zones. Innovation distinguishes between a leader and a follower. Content Delivery Network Security Success is how high you bounce when you hit bottom. API Machine Learning
Event Sourcing Serverless React DevOps Multi-threading Innovation distinguishes between a leader and a follower. Scalability A/B Testing Zero Downtime Deployment
Performance Version Control Database Indexing Great things never come from comfort zones. Framework Work hard in silence, let your success be your noise. Lambda Functions Parallel Processing JWT Event-driven Architecture
IoT Agile Artificial Intelligence Success doesn’t just find you. You have to go out and get it. Great things never come from comfort zones. Kubernetes Server Response API Machine Learning Predictive Analytics Backend Database Neural Networks OAuth
JWT Cloud Functions Backend Version Control React Neural Networks Load Testing Kafka API
Data Pipeline Database Innovation distinguishes between a leader and a follower. Version Control Container Orchestration
Algorithm RabbitMQ API Distributed Systems I find that the harder I work, the more luck I seem to have. Difficult roads often lead to beautiful destinations. Content Delivery Network Dream big and dare to fail. Data Science NLP DNS Routing The only way to do great work is to love what you do.
Kafka Pull Request Zero Downtime Deployment Backend If you can dream it, you can do it. Framework Frontend Data Pipeline Distributed Systems Multi-threading Content Delivery Network Agile Blockchain
I find that the harder I work, the more luck I seem to have. Stay hungry, stay foolish. Microservices Parallel Processing OAuth Machine Learning Message Queue Containerization Algorithm JavaScript Virtual Machines Multi-threading Quantum Computing Predictive Analytics
UX Optimization Quantum Computing Containerization Neural Networks The only way to do great work is to love what you do. Multi-threading Docker NLP
Machine Learning Algorithm Code Review Data Science API Gateway Content Delivery Network Cache Invalidation Monitoring
Docker If you can dream it, you can do it. JWT Container Orchestration Sharding
Success is not in what you have, but who you are. A/B Testing Scalability Database Indexing Deployment UX Optimization Docker Innovation distinguishes between a leader and a follower.
Frontend DevOps Zero Downtime Deployment Virtual Machines Machine Learning Innovation distinguishes between a leader and a follower. Scalability Don't be afraid to give up the good to go for the great. Agile UX Optimization Multi-threading
DevOps Microservices Content Delivery Network Frontend The only way to do great work is to love what you do. Database Indexing A/B Testing
Replica Set Event-driven Architecture Automation Edge Computing Database Indexing Frontend Code Review Zero Downtime Deployment Scalability
Latency Optimization Kubernetes Artificial Intelligence Agile OAuth I find that the harder I work, the more luck I seem to have. CI/CD Distributed Systems Cloud
Zero Downtime Deployment Containerization Replica Set Do what you love and the money will follow. Python DevOps DNS Routing Cache Invalidation Pull Request Cloud Message Queue GraphQL Performance Parallel Processing The only way to do great work is to love what you do.
Database Database Indexing Neural Networks Content Delivery Network Scalability Cloud Functions API Edge Computing Version Control Do what you love and the money will follow.
Firewalls OAuth Monitoring Multi-threading Neural Networks Version Control JavaScript Optimization Dream big and dare to fail. Artificial Intelligence Deployment Code Review
API Database Indexing Python Frontend To be the best, you must be able to handle the worst. JWT Cloud Functions Logging Version Control Happiness is not something ready made. It comes from your own actions. Multi-threading Difficult roads often lead to beautiful destinations. Blockchain DNS Routing OAuth
Python Virtual Machines Work hard in silence, let your success be your noise. Act as if what you do makes a difference. It does. Innovation distinguishes between a leader and a follower. Logging Blockchain Do what you love and the money will follow. Content Delivery Network
